Workbook

Sheet Raw Campaign Data
A1: Date | B1: Week | C1: Phase | D1: Channel | E1: Campaign/Post Name | F1: Impressions | G1: Reach | H1: Clicks | I1: CTR (%) | J1: Spend (NGN) | K1: CPC (NGN) | L1: Conversions | M1: CPA (NGN) | N1: Revenue (NGN) | O1: ROAS
A2: 2026-08-03 | B2: 1 | C2: Learning | D2: Meta Ads | E2: TSI_Meta_Wk1 | F2: 37149 | G2: 16807 | H2: 1295 | I2: =IFERROR(H2/F2,0) -> 0.034859619 | J2: 74518.4 | K2: =IFERROR(J2/H2,0) -> 57.543166 | L2: 58 | M2: =IFERROR(J2/L2,0) -> 1284.8 | N2: 150880.76 | O2: =IFERROR(N2/J2,0) -> 2.024745
A3: 2026-08-04 | B3: 1 | C3: Learning | D3: Meta Ads | E3: TSI_Meta_Wk1 | F3: 30384 | G3: 13561 | H3: 1204 | I3: =IFERROR(H3/F3,0) -> 0.039626119 | J3: 61334.27 | K3: =IFERROR(J3/H3,0) -> 50.942085 | L3: 58 | M3: =IFERROR(J3/L3,0) -> 1057.4874 | N3: 146584.24 | O3: =IFERROR(N3/J3,0) -> 2.3899239
A4: 2026-08-05 | B4: 1 | C4: Learning | D4: Meta Ads | E4: TSI_Meta_Wk1 | F4: 34993 | G4: 16201 | H4: 1214 | I4: =IFERROR(H4/F4,0) -> 0.034692653 | J4: 66699.16 | K4: =IFERROR(J4/H4,0) -> 54.941647 | L4: 62 | M4: =IFERROR(J4/L4,0) -> 1075.7929 | N4: 164394.01 | O4: =IFERROR(N4/J4,0) -> 2.4647089
A5: 2026-08-06 | B5: 1 | C5: Learning | D5: Meta Ads | E5: TSI_Meta_Wk1 | F5: 33560 | G5: 14939 | H5: 1410 | I5: =IFERROR(H5/F5,0) -> 0.042014303 | J5: 65587.24 | K5: =IFERROR(J5/H5,0) -> 46.515773 | L5: 65 | M5: =IFERROR(J5/L5,0) -> 1009.0345 | N5: 162117.4 | O5: =IFERROR(N5/J5,0) -> 2.4717826
A6: 2026-08-07 | B6: 1 | C6: Learning | D6: Meta Ads | E6: TSI_Meta_Wk1 | F6: 38226 | G6: 17738 | H6: 1502 | I6: =IFERROR(H6/F6,0) -> 0.039292628 | J6: 76600.77 | K6: =IFERROR(J6/H6,0) -> 50.999181 | L6: 76 | M6: =IFERROR(J6/L6,0) -> 1007.9049 | N6: 202139.5 | O6: =IFERROR(N6/J6,0) -> 2.6388703
A7: 2026-08-08 | B7: 1 | C7: Learning | D7: Meta Ads | E7: TSI_Meta_Wk1 | F7: 39307 | G7: 18374 | H7: 1476 | I7: =IFERROR(H7/F7,0) -> 0.037550564 | J7: 75318.19 | K7: =IFERROR(J7/H7,0) -> 51.028584 | L7: 71 | M7: =IFERROR(J7/L7,0) -> 1060.8196 | N7: 190680.81 | O7: =IFERROR(N7/J7,0) -> 2.5316701
A8: 2026-08-09 | B8: 1 | C8: Learning | D8: Meta Ads | E8: TSI_Meta_Wk1 | F8: 42062 | G8: 19534 | H8: 1644 | I8: =IFERROR(H8/F8,0) -> 0.03908516 | J8: 79941.96 | K8: =IFERROR(J8/H8,0) -> 48.626496 | L8: 82 | M8: =IFERROR(J8/L8,0) -> 974.90195 | N8: 203516.98 | O8: =IFERROR(N8/J8,0) -> 2.5458092
A9: 2026-08-10 | B9: 2 | C9: Learning | D9: Meta Ads | E9: TSI_Meta_Wk2 | F9: 45274 | G9: 20419 | H9: 1841 | I9: =IFERROR(H9/F9,0) -> 0.040663515 | J9: 88259.15 | K9: =IFERROR(J9/H9,0) -> 47.940875 | L9: 94 | M9: =IFERROR(J9/L9,0) -> 938.92713 | N9: 255071.84 | O9: =IFERROR(N9/J9,0) -> 2.8900328
A10: 2026-08-11 | B10: 2 | C10: Learning | D10: Meta Ads | E10: TSI_Meta_Wk2 | F10: 47510 | G10: 21737 | H10: 1916 | I10: =IFERROR(H10/F10,0) -> 0.040328352 | J10: 90031.98 | K10: =IFERROR(J10/H10,0) -> 46.989551 | L10: 107 | M10: =IFERROR(J10/L10,0) -> 841.42037 | N10: 268835.86 | O10: =IFERROR(N10/J10,0) -> 2.9860041
A11: 2026-08-12 | B11: 2 | C11: Learning | D11: Meta Ads | E11: TSI_Meta_Wk2 | F11: 43148 | G11: 20189 | H11: 1915 | I11: =IFERROR(H11/F11,0) -> 0.044382127 | J11: 83989.06 | K11: =IFERROR(J11/H11,0) -> 43.858517 | L11: 104 | M11: =IFERROR(J11/L11,0) -> 807.58712 | N11: 275391.97 | O11: =IFERROR(N11/J11,0) -> 3.2789029
A12: 2026-08-13 | B12: 2 | C12: Learning | D12: Meta Ads | E12: TSI_Meta_Wk2 | F12: 47544 | G12: 21969 | H12: 1942 | I12: =IFERROR(H12/F12,0) -> 0.040846374 | J12: 88400.21 | K12: =IFERROR(J12/H12,0) -> 45.520191 | L12: 94 | M12: =IFERROR(J12/L12,0) -> 940.42777 | N12: 239889.67 | O12: =IFERROR(N12/J12,0) -> 2.7136776
A13: 2026-08-14 | B13: 2 | C13: Learning | D13: Meta Ads | E13: TSI_Meta_Wk2 | F13: 42970 | G13: 19193 | H13: 2020 | I13: =IFERROR(H13/F13,0) -> 0.047009542 | J13: 84600.56 | K13: =IFERROR(J13/H13,0) -> 41.881465 | L13: 116 | M13: =IFERROR(J13/L13,0) -> 729.31517 | N13: 296010.68 | O13: =IFERROR(N13/J13,0) -> 3.498921
... A141: 2026-08-30 | B141: 4 | C141: Strong Close | D141: Influencer - Creator B | E141: TSI_Influencer_CreatorB_Wk4 | F141: 8295 | G141: 5233 | H141: 260 | I141: =IFERROR(H141/F141,0) -> 0.031344183 | J141: 20926.85 | K141: =IFERROR(J141/H141,0) -> 80.487885 | L141: 37 | M141: =IFERROR(J141/L141,0) -> 565.59054 | N141: 100713.74 | O141: =IFERROR(N141/J141,0) -> 4.8126565

Sheet Summary & KPI Tracker
A1: FoodCo Nigeria — "The Secret Ingredient" — Campaign Summary
A2: Source: Raw Campaign Data sheet (SUMIFS by channel)
A4: Channel | B4: Spend (NGN) | C4: Impressions | D4: Reach | E4: Clicks | F4: CTR (%) | G4: CPC (NGN) | H4: Conversions | I4: CPA (NGN) | J4: Revenue (NGN) | K4: ROAS
A5: Meta Ads | B5: =SUMIFS('Raw Campaign Data'!$J:$J,'Raw Campaign Data'!$D:$D,$A5) -> 2500000 | C5: =SUMIFS('Raw Campaign Data'!$F:$F,'Raw Campaign Data'!$D:$D,$A5) -> 1301142 | D5: =SUMIFS('Raw Campaign Data'!$G:$G,'Raw Campaign Data'!$D:$D,$A5) -> 592103 | E5: =SUMIFS('Raw Campaign Data'!$H:$H,'Raw Campaign Data'!$D:$D,$A5) -> 64480 | F5: =IFERROR(E5/C5,0) -> 0.049556467 | G5: =IFERROR(B5/E5,0) -> 38.771712 | H5: =SUMIFS('Raw Campaign Data'!$L:$L,'Raw Campaign Data'!$D:$D,$A5) -> 4096 | I5: =IFERROR(B5/H5,0) -> 610.35156 | J5: =SUMIFS('Raw Campaign Data'!$N:$N,'Raw Campaign Data'!$D:$D,$A5) -> 10666090 | K5: =IFERROR(J5/B5,0) -> 4.2664361
A6: Google Search | B6: =SUMIFS('Raw Campaign Data'!$J:$J,'Raw Campaign Data'!$D:$D,$A6) -> 1000000 | C6: =SUMIFS('Raw Campaign Data'!$F:$F,'Raw Campaign Data'!$D:$D,$A6) -> 119749 | D6: =SUMIFS('Raw Campaign Data'!$G:$G,'Raw Campaign Data'!$D:$D,$A6) -> 109672 | E6: =SUMIFS('Raw Campaign Data'!$H:$H,'Raw Campaign Data'!$D:$D,$A6) -> 7718 | F6: =IFERROR(E6/C6,0) -> 0.064451478 | G6: =IFERROR(B6/E6,0) -> 129.56725 | H6: =SUMIFS('Raw Campaign Data'!$L:$L,'Raw Campaign Data'!$D:$D,$A6) -> 1449 | I6: =IFERROR(B6/H6,0) -> 690.13113 | J6: =SUMIFS('Raw Campaign Data'!$N:$N,'Raw Campaign Data'!$D:$D,$A6) -> 3804418.2 | K6: =IFERROR(J6/B6,0) -> 3.8044181
A7: Google Display | B7: =SUMIFS('Raw Campaign Data'!$J:$J,'Raw Campaign Data'!$D:$D,$A7) -> 500000 | C7: =SUMIFS('Raw Campaign Data'!$F:$F,'Raw Campaign Data'!$D:$D,$A7) -> 545441 | D7: =SUMIFS('Raw Campaign Data'!$G:$G,'Raw Campaign Data'!$D:$D,$A7) -> 195416 | E7: =SUMIFS('Raw Campaign Data'!$H:$H,'Raw Campaign Data'!$D:$D,$A7) -> 8124 | F7: =IFERROR(E7/C7,0) -> 0.01489437 | G7: =IFERROR(B7/E7,0) -> 61.546036 | H7: =SUMIFS('Raw Campaign Data'!$L:$L,'Raw Campaign Data'!$D:$D,$A7) -> 405 | I7: =IFERROR(B7/H7,0) -> 1234.5679 | J7: =SUMIFS('Raw Campaign Data'!$N:$N,'Raw Campaign Data'!$D:$D,$A7) -> 1054257.1 | K7: =IFERROR(J7/B7,0) -> 2.1085142
A8: Influencer - Creator A | B8: =SUMIFS('Raw Campaign Data'!$J:$J,'Raw Campaign Data'!$D:$D,$A8) -> 499999.99 | C8: =SUMIFS('Raw Campaign Data'!$F:$F,'Raw Campaign Data'!$D:$D,$A8) -> 251358 | D8: =SUMIFS('Raw Campaign Data'!$G:$G,'Raw Campaign Data'!$D:$D,$A8) -> 156747 | E8: =SUMIFS('Raw Campaign Data'!$H:$H,'Raw Campaign Data'!$D:$D,$A8) -> 7503 | F8: =IFERROR(E8/C8,0) -> 0.029849856 | G8: =IFERROR(B8/E8,0) -> 66.640009 | H8: =SUMIFS('Raw Campaign Data'!$L:$L,'Raw Campaign Data'!$D:$D,$A8) -> 751 | I8: =IFERROR(B8/H8,0) -> 665.77895 | J8: =SUMIFS('Raw Campaign Data'!$N:$N,'Raw Campaign Data'!$D:$D,$A8) -> 1969534.3 | K8: =IFERROR(J8/B8,0) -> 3.9390688
A9: Influencer - Creator B | B9: =SUMIFS('Raw Campaign Data'!$J:$J,'Raw Campaign Data'!$D:$D,$A9) -> 500000.01 | C9: =SUMIFS('Raw Campaign Data'!$F:$F,'Raw Campaign Data'!$D:$D,$A9) -> 200682 | D9: =SUMIFS('Raw Campaign Data'!$G:$G,'Raw Campaign Data'!$D:$D,$A9) -> 125276 | E9: =SUMIFS('Raw Campaign Data'!$H:$H,'Raw Campaign Data'!$D:$D,$A9) -> 5623 | F9: =IFERROR(E9/C9,0) -> 0.028019454 | G9: =IFERROR(B9/E9,0) -> 88.920507 | H9: =SUMIFS('Raw Campaign Data'!$L:$L,'Raw Campaign Data'!$D:$D,$A9) -> 701 | I9: =IFERROR(B9/H9,0) -> 713.26678 | J9: =SUMIFS('Raw Campaign Data'!$N:$N,'Raw Campaign Data'!$D:$D,$A9) -> 1853582.2 | K9: =IFERROR(J9/B9,0) -> 3.7071644
A10: TOTAL / CAMPAIGN AVG | B10: =SUM(B5:B9) -> 5000000 | C10: =SUM(C5:C9) -> 2418372 | D10: =SUM(D5:D9) -> 1179214 | E10: =SUM(E5:E9) -> 93448 | F10: =IFERROR(E10/C10,0) -> 0.038640871 | G10: =IFERROR(B10/E10,0) -> 53.505693 | H10: =SUM(H5:H9) -> 7402 | I10: =IFERROR(B10/H10,0) -> 675.49311 | J10: =SUM(J5:J9) -> 19347882 | K10: =IFERROR(J10/B10,0) -> 3.8695764
A13: KPI Targets vs. Actual
A14: KPI | B14: Target | C14: Actual | D14: Status
A15: Impressions | B15: 2,000,000 | C15: =C10 -> 2418372 | D15: =IF(C15>=2000000,"Beat Target","Below Target") -> Beat Target
A16: Reach | B16: 800,000 | C16: =D10 -> 1179214 | D16: =IF(C16>=800000,"Beat Target","Below Target") -> Beat Target
A17: CTR | B17: 2.5% | C17: =F10 -> 0.038640871 | D17: =IF(C17>=0.025,"Beat Target","Below Target") -> Beat Target
A18: CPC | B18: NGN 45 max | C18: =G10 -> 53.505693 | D18: =IF(C18<=45,"Beat Target","Above Target") -> Above Target
A19: CPA | B19: NGN 800 max | C19: =I10 -> 675.49311 | D19: =IF(C19<=800,"Beat Target","Above Target") -> Beat Target
A20: ROAS | B20: 3.5x min | C20: =K10 -> 3.8695764 | D20: =IF(C20>=3.5,"Beat Target","Below Target") -> Beat Target
